family,anchor,anchor_pos,consensus_residue,active_members
nucleoside-diphosphate kinase,P15531,12,K,P15531;P22392;Q13232;O00746
nucleoside-diphosphate kinase,P15531,52,Y,P15531;P22392;Q13232;O00746
nucleoside-diphosphate kinase,P15531,58,R,P15531;P22392;Q13232;O00746
nucleoside-diphosphate kinase,P15531,88,R,P15531;P22392;Q13232;O00746
nucleoside-diphosphate kinase,P15531,94,T,P15531;P22392;Q13232;O00746
nucleoside-diphosphate kinase,P15531,105,R,P15531;P22392;Q13232;O00746
nucleoside-diphosphate kinase,P15531,112,V,P15531;P22392;Q13232;O00746
nucleoside-diphosphate kinase,P15531,115,N,P15531;P22392;Q13232;O00746
nucleoside-diphosphate kinase,P15531,118,H,P15531;P22392;Q13232;O00746
nucleoside-diphosphate kinase,P15531,119,G,P15531;P22392;Q13232;O00746
nucleoside-diphosphate kinase,P15531,121,D,P15531;P22392;Q13232;O00746
nucleoside-diphosphate kinase,P15531,152,E,P15531;P22392;Q13232;O00746
aspartate transaminase,P17174,39,G,P17174;P00505
aspartate transaminase,P17174,141,W,P17174;P00505
aspartate transaminase,P17174,195,N,P17174;P00505
aspartate transaminase,P17174,259,K,P17174;P00505
aspartate transaminase,P17174,387,R,P17174;P00505
