gene,uniprot,fold,in_scope,expected,observed,nucleophile_lost,n_lost,n_sites,global_identity,catalytic_residue_lost,is_ref
CA2,P00918,carbonic_anhydrase,True,H94;H96;H119,H;H;H,,0,3,1.0,False,True
CA7,P43166,carbonic_anhydrase,True,H94;H96;H119,H;H;H,,0,3,0.57,False,False
CA13,Q8N1Q1,carbonic_anhydrase,True,H94;H96;H119,H;H;H,,0,3,0.6,False,False
CA3,P07451,carbonic_anhydrase,True,H94;H96;H119,H;H;H,,0,3,0.58,False,False
CA1,P00915,carbonic_anhydrase,True,H94;H96;H119,H;H;H,,0,3,0.61,False,False
CA5B,Q9Y2D0,carbonic_anhydrase,True,H94;H96;H119,H;H;H,,0,3,0.53,False,False
CA5A,P35218,carbonic_anhydrase,True,H94;H96;H119,H;H;H,,0,3,0.51,False,False
CA14,Q9ULX7,carbonic_anhydrase,True,H94;H96;H119,H;H;H,,0,3,0.38,False,False
CA12,O43570,carbonic_anhydrase,True,H94;H96;H119,H;H;H,,0,3,0.38,False,False
CA6,P23280,carbonic_anhydrase,True,H94;H96;H119,H;H;H,,0,3,0.38,False,False
CA8,P35219,carbonic_anhydrase,True,H94;H96;H119,R;H;H,,1,3,0.44,True,False
CA10,Q9NS85,carbonic_anhydrase,True,H94;H96;H119,R;H;Q,,2,3,0.34,True,False
CA9,Q16790,carbonic_anhydrase,True,H94;H96;H119,H;H;H,,0,3,0.36,False,False
CA4,P22748,carbonic_anhydrase,True,H94;H96;H119,H;H;H,,0,3,0.36,False,False
CA11,O75493,carbonic_anhydrase,True,H94;H96;H119,R;L;Q,,3,3,0.38,True,False
NME8,Q8N427,ndpk,True,H118,H,False,0,1,0.41,False,False
NME7,Q9Y5B8,ndpk,True,H118,H,False,0,1,0.35,False,False
NME2,P22392,ndpk,True,H118,H,False,0,1,0.88,False,False
NME1,P15531,ndpk,True,H118,H,False,0,1,1.0,False,True
NME3,Q13232,ndpk,True,H118,H,False,0,1,0.68,False,False
NME4,O00746,ndpk,True,H118,H,False,0,1,0.57,False,False
NME5,P56597,ndpk,True,H118,H,False,0,1,0.35,False,False
NME6,O75414,ndpk,True,H118,H,False,0,1,0.32,False,False
NME9,Q86XW9,ndpk,True,H118,H,False,0,1,0.32,False,False
ALDH1L2,Q3SY69,aldh,True,C319;E285,C;E,False,0,2,0.5,False,False
ALDH1L1,O75891,aldh,True,C319;E285,C;E,False,0,2,0.49,False,False
ALDH1A1,P00352,aldh,True,C319;E285,C;E,False,0,2,0.68,False,False
ALDH1A2,O94788,aldh,True,C319;E285,C;E,False,0,2,0.65,False,False
ALDH2,P05091,aldh,True,C319;E285,C;E,False,0,2,1.0,False,True
ALDH1A3,P47895,aldh,True,C319;E285,C;E,False,0,2,0.64,False,False
ALDH1B1,P30837,aldh,True,C319;E285,C;E,False,0,2,0.74,False,False
ALDH3A1,P30838,aldh,True,C319;E285,C;E,False,0,2,0.31,False,False
ALDH3A2,P51648,aldh,True,C319;E285,C;E,False,0,2,0.28,False,False
ALDH3B2,P48448,aldh,True,C319;E285,C;E,False,0,2,0.28,False,False
ALDH4A1,P30038,aldh,True,C319;E285,C;E,False,0,2,0.28,False,False
AOX1,Q06278,aldh,False,C319;E285,R;E,True,1,2,0.3,False,False
ALDH9A1,P49189,aldh,True,C319;E285,C;E,False,0,2,0.43,False,False
ALDH16A1,Q8IZ83,aldh,True,C319;E285,-;A,True,2,2,0.32,True,False
ALDH8A1,Q9H2A2,aldh,True,C319;E285,C;E,False,0,2,0.4,False,False
ALDH6A1,Q02252,aldh,True,C319;E285,C;N,False,1,2,0.31,False,False
ALDH5A1,P51649,aldh,True,C319;E285,C;E,False,0,2,0.36,False,False
ALDH7A1,P49419,aldh,True,C319;E285,C;E,False,0,2,0.31,False,False
